{
  "intents": [
    {
      "intent": "AddTaskIntent",
      "slots": [
        {
          "name": "TaskDesc",
          "type": "TASKS"
        }
      ]
    },
    {
      "intent": "CompleteTaskIntent",
      "slots": [
        {
          "name": "TaskNumber",
          "type": "AMAZON.NUMBER"
        }
      ]
    },
    {
      "intent": "SendTasks",
      "slots": [
        {
          "name": "Name",
          "type": "NAME"
        }
      ]
    },
    {
      "intent": "ListTasksIntent"
    },
    {
      "intent": "ListCompletedTasksIntent"
    },
    {
      "intent": "AMAZON.StartOverIntent"
    },
    {
      "intent": "AMAZON.RepeatIntent"
    },
    {
      "intent": "AMAZON.HelpIntent"
    },
    {
      "intent": "AMAZON.YesIntent"
    },
    {
      "intent": "AMAZON.NoIntent"
    },
    {
      "intent": "AMAZON.StopIntent"
    },
    {
      "intent": "AMAZON.CancelIntent"
    }
  ]
}
